index	text	gold_answer	final_answer
0	On the issue of whether James is an smart individual, the fact that James came first in his class in law school.	No	No
1	On the issue of whether Robert negligently drove, the fact that Robert fell asleep while driving.	No	No
2	On the issue of whether John knew about the conspiracy, the fact that John likes sweatpants.	No	No
3	On the issue of whether Michael was guilty of murder, the fact that Michael left the crime scene immediately.	No	No
4	On the issue of whether William was loved by his community, the fact that he was selected to speak at his graduation.	No	No
5	On the issue of whether Mary robbed the bank, the fact that Mary went to the bank in disguise.	No	No
6	"On the issue of whether Patricia was a fan of Coldplay, the fact that she had a poster with the lyrics of ""Viva la Vida"" on her bedroom wall."	No	No
7	On the issue of whether Jennifer suffered reputational harm from Linda's article, the fact that Linda worked with several different editors to proof read and cross-check her article.	No	No
8	On the issue of whether Elizabeth was misdiagnosed by Barbara, the fact that Barbara didn't consult with her usual charts while assessing Elizabethg.	No	No
9	On the issue of whether Richard had ever visited Chicago, the fact that he gave a speech there in 2005.	No	No
10	On the issue of how long Joseph and Thomas had known each other, the fact that were neighbors during elementary school.	No	No
11	On the issue of whether Susan was familiar with Shakespeare, the fact that she had once played the role of Macbeth and recieved a standing ovation after her monologue.	No	No
12	On the issue of whether Jessica was aware she was trespassing, the fact that Jessica had been diagnosed as near-sighted by her ophthalmologist.	No	No
13	On the issue of whether Sarah was acting as an agent for the corporation, the fact that Sarah had worked there previously for four years.	No	No
14	On the issue of whether Charles was responsible for the defamatory article published online, the fact that Charles had visited the website responsible for the article multiple times in the past year.	No	No
15	On the issue of whether Karen negligently operated the forklift, the fact that Karen is a terrible driver who needed several tries to pass her commercial license test.	No	No
16	On the issue of whether the patent was infringed, the fact that the corporation's chief scientist was known to cheat at card games.	No	No
17	On the issue of whether Christopher acted with malice, the fact that Christopher was often moody and had a large temper.	No	No
18	On the issue of whether the parties had actually agreed to the contract, the fact that one of the parties had mistaken the identity of the other party.	No	No
19	On the issue of which car was responsible for a hit-and-run, the witness's statement in court that she believed it was the blue sedan.	No	No
20	On the issue of the faultiness of the designed house, the drawing the witness made on the stand during testimony.	No	No
21	On the issue of which of the defendants was responsible for driving the get-away car, the fact that the witness on the stand turned and pointed to the man in the blue suit.	No	No
22	On the issue of whether Ana lied to Jim, Jim's statement on cross-examination that he did not believe Ana to be an honest individual.	No	No
23	On the issue of whether Daniel drove negligently, the fact that Daniel testified during the trial that he told his wife he was tired before driving into a tree.	No	No
24	On the issue of whether Carl had knowledge of Amy's intentions, Carl told the questioning attorney on redirect examination that he knew Amy's intentions.	No	No
25	"On the issue of whether Nancy knew who attacked her, Nancy's statement in court, ""I was attacked by Sandra."""	No	No
26	During the trial, Mark nodded when asked if it was him who vandalized Emily's garage.	No	No
27	On the issue of which employee saw Emily last, the fact that James testified on the stand that he was on vacation that day and had last spoken to Emily the week before.	No	No
28	"On the issue of whether Will knew that the company intended to announce its drug trials had been cancelled, the fact that he told the jury that ""he didn't know the first thing about how medicines worked."""	No	No
29	On the issue of the defendant's guilt, Alex told the jury that he believed the defendant was guilty.	No	No
30	When showed floorplans of the museum during the trial, Andrew pointed out all the escape routes that he and his co-conspirators had planned to use. 	No	No
31	"When asked if he was remorseful by his attorney, Adam testified that ""he regretted his actions."""	No	No
32	On the issue of whether Donna was ill, the fact that Margaret testified during trial that she thought Donna was unwell.	No	No
33	On the issue of the sanity of Deborah, the fact that Deborah told her friend that she is completely sane.	Yes	Yes
34	On the issue of whether Joshua's friend was attacked by Ashley, the fact that Joshua's friend told Joshua that he was just attacked by Ashley.	Yes	Yes
35	To prove that Tom was in town, a witness testifies that her friend Susan told her Tom was in town.	Yes	Yes
36	To prove that Shirley committed fraud, the fact that she told her neighbor she was planning on tricking the defendant by selling them a fake handbag.	Yes	Yes
37	To prove that Stephen drove his car through a stoplight, the fact that Stephen told his wife on the phone that he was not paying attention to the road.	Yes	Yes
38	"On the issue of whether Henry negligently hit Kelly with his car, Kelly's statement, ""a witness told me after the crash that Henry was on his cell phone while driving."""	Yes	Yes
39	On the issue of whether Sean knew he was going to die, the fact that he called his lawyer wanting to make final changes to his will.	Yes	No
40	To prove that Alice was planning a robbery, the fact that she told Bob she was researching escape routes.	Yes	Yes
41	To prove that Bruce committed medical malpractice, the fact that he told a nurse after the surgery that he thought he made a mistake.	Yes	Yes
42	To prove that Alice suffered reputational harm, the fact that people were telling Bob that they had heard bad things about Alice.	Yes	No
43	To prove that the Denise and Tom were married, the fact that Amber sent them a card congratulating them on their wedding.	Yes	Yes
44	To prove that Alex owned a red car, the fact that she sent an email to her mother explaining how she was planning on purchasing a red car.	Yes	Yes
45	On the issue of whether the accident was a result of negligence, a bystander's exclamation that driver was looking down at their phone while driving.	Yes	Yes
46	"On the issue of whether Henry committed insider trading, Alice's statement to Bob that Henry told her he had a ""great tip about what a certain stock was going to do."" "	Yes	Yes
47	On the issue of whether Jane knew that Arthur was having an affair, the fact that Bob told Jane he suspected Arthur was up to something.	No	No
48	On the issue of whether Mary was Tom's mother, the fact that Albert told Mary that Tom looked like her.	Yes	No
49	Alex is being sued for breach of contract relating to a delay in the shipment of mangos. To prove that the shipment was delayed, a witness for the plaintiffs testifies that he heard Alex complain about not being able to deliver the mangos in time. 	Yes	Yes
50	Alex is being prosecuted for participation in a criminal conspiracy. To prove that Alex participated in the conspiracy, the prosecution's witness testifies that she heard Alex making plans to meet with his co-conspirators.	Yes	No
51	Dave is being sued by Taylor Swift for copyright infringement. To prove that Dave had listened to Taylor Swift, the plaintiffs introduced evidence of Dave telling his friend that his favorite artist was Taylor Swift.	Yes	Yes
52	Angela is suing Harold for defamation. To prove that Harold knowingly spread falsehoods about her, Angela introduces evidence of Harold admitting to his friend that his statements about Angela were all lies.	Yes	No
53	Joe is being prosecuted for illegally transporting turtle eggs under an animal trafficking statute. To prove that Joe owned the duffel bag in which contained the turtle eggs, the prosecution introduces evidence of Joe asking a store-owner if they carried any duffel bags.	No	No
54	"Corporation A decides to sue Corporation B for stealing trade secrets. To prove that B did it, lawyers for A introduce as evidence a statement made by B's CEO to one of his friends that B ""would soon have the ability to compete with A."" "	Yes	No
55	Kim is sued by Jim for medical malpractice. To prove that Kim was a bad doctor, Jim introduces evidence that Kim told her friend that she cheated on all her medical school exams.	Yes	Yes
56	"To prove that Albert likes ice cream, the prosecution introduces evidence that Albert told Jim that ""he wanted an ice cream."""	Yes	Yes
57	To prove that Jose liked red Ferraris, the defense introduces testimony from Tracy discussing how Jose told her that his favorite color is red and his favorite car is a Ferrari.	Yes	Yes
58	"To prove that Michael was in charge of the group, the plaintiffs introduce evidence of Michael stating, ""I am the boss here."""	Yes	Yes
59	On the issue of whether Sandy knew that the cash belonged to Michael, Amy testifies that Sandy told her he thought he had Michael's cash.	Yes	No
60	On the issue of whether the brakes were faulty, Amy testifies that she heard Arthur claim that he thought something was wrong with the car.	Yes	Yes
61	To prove that the CEO knew of the fraudulent activities occuring, an email he sent his acknowledging his awareness of the conduct.	Yes	Yes
62	On the issue of whether the defendant knew he was trespassing, the fact that he shook his head when asked by a passing security guard about whether he knew he was on private property.	Yes	Yes
63	To prove that the insured under a life policy is dead, his wife offers a death certificate.	Yes	Yes
64	On the issue of which car was responsible for the hit and run, the fact that a bystander turned and pointed to a blue sedan.	Yes	Yes
65	To prove that the defendant was present at the scene of the crime, a forensics report describing traces of the defendant's DNA that was found by investigators.	Yes	No
66	To prove that the student was a terrible student, the mid-term report written by his teacher.	Yes	Yes
67	On the issue of whether Albert visited the garage sale, the fact that Tom wrote in an email to Mary that he saw Albert at the garage sale.	Yes	Yes
68	On the issue of whether Albert supported environmental reform, the fact that his car has many stickers with environmental slogans.	Yes	No
69	On the issue of whether Albert bought a knife, Angela testified that he shook his head when she asked him.	Yes	Yes
70	On the issue of Albert's wellbeing after the accident, Angela testified that he gave a thumbs up when asked how he was feeling.	Yes	Yes
71	Albert is being sued by Tim for breach of contract. The issue is whether Albert knew at the time signing the contract that he had no intention of following through. Tim's lawyers introduce an email Albert wrote to his friend saying he wasn't planning on honoring the contract with Tim.	Yes	Yes
72	On the issue of whether factory management had underpaid its workers, the fact that workers carried signs during a protest demanding equitable compensation.	No	No
73	On the issue of whether Albert liked Taylor Swift, a social media post written by Albert describing Taylor as his favorite artist.	Yes	Yes
74	On the issue of whether Tom identified the suspect at the scene of the crime, the fact that he pointed at the defendant.	No	No
75	On the issue of the sanity of Bobby, the fact that Bobby told a friend that she believed she was Santa Clause.	Yes	No
76	On the issue of whether Vincent was provoked by Roy, the fact that Vincent was told by his friend that he had just been attacked by Roy.	No	No
77	On the issue of whether Kayla knew she was ill, the fact that Philip told him she was unwell.	No	No
78	"On the issue of damage to Mason's reputation as a sober individual, Lori's public statement, ""I have never seen Mason drink."""	No	Yes
79	"On the issue of whether Gerald was alive immediately after being attacked by Kathryn, Gerald's statement, ""I was attacked by Kathryn."""	No	No
80	"On issue of Dylan's ill feeling toward Andrew, Dylan's statement, ""Andrew is a liar and a hypocrite."""	No	No
81	"On the issue of whether Ann and Austin had a discussion, Ann's statement to Austin, ""I will sell my car to you for a cost."""	No	No
82	"On the issue of whether Patty knew Dave, the prosecution introduces evidence that Patty told Arthur, ""Dave is really dishonest."""	No	No
83	To prove that Arthur knew English, the fact that Arthur told Bill (in English) that he thought Mary robbed the bank.	No	No
84	To prove that Arthur had notice that a bank robbery was being planned, the fact that Arthur told Mary that he heard a bank robbery was going to happen.	Yes	No
85	To prove that Mary was at the mall on January 2nd, a mall employee testifies that on January 2nd, Mary told him she was planning on purchasing several diamonds.	No	Yes
86	To prove that Anne supported David, the fact that Anne said that David was the best boss in the world.	No	Yes
87	"To prove that Daniel was sad upon hearing the news, the fact he exlaimed ""the world was ending"" and ""nothing mattered anymore."""	No	No
88	To prove that Amy believed that Karl was an employee of the store, the fact that Amy told Karl that the store needed to refund her because their marketing had been decieving. 	No	No
89	To prove that Arthur believed that Amy and Daniel were married, the fact that he wished them a happy anniversary.	No	No
90	To prove that the trademarks of restaurant A and restaurant B created confusion, the fact that a customer called one and placed an order believing it to actually be the other.	No	No
91	To prove that Michael knew of the existing patent, the fact that he told his friend that the patent was poorly written.	No	No
92	To prove that Arthur and Mary had a conversation, the fact that Arthur told Mary that the weather the following week would be terrible.	No	No
93	On the issue of whether Melissa was the agent of Mark, Melissa's statement to Tim that her offer was being made as an agent of Mark.	Yes	Yes
